users,favorites
owlbelief,320590
Rubik2k,181114
kander23682368,178571
kfalconspb,151326
Lehigh389,140286
ThaGary,91089
warrenstearman,85312
YourAnonRise,83594
parkerrm39,81789
hybr1z,80942
DigitalEmpress,79887
k8em0,78944
iM4CH3T3,70658
InfoSecHotSpot,67579
bordeauxcarol,66616
TimHaines,66125
NikhilRathor,64283
s0urc3c0d3err0r,64018
notdan,59375
Tinolle,57314
Cyberarms,56903
SushiDude,55705
6502ftw,55666
Tubzbuster,52377
lnxdork,51682
fxrseen,51365
zemnmez,51189
kristovatlas,50886
g33kspeed,49864
TechJournalist,49100
zackwhittaker,47317
nuriapp,45555
LargeCardinal,44746
PaulM,44189
maldevel,43681
evanricafort,42901
aoighost,42890
biconnections,42133
mypat3op,41020
akterjuli987,40616
ShaunM,40445
Muhammad0k,40332
mas06706465,38355
SavchukMark,37747
vishne0,35901
facetimeJS,35416
palashv2,35378
n0x00,35271
shotgunner101,34094
martijngrooten,33852
