users,followers
Tesla,3088323
TwitterEng,1313559
WordPress,621366
justinsuntron,545469
habrcom,440670
ethereum,433697
bgurley,398786
BitPay,264550
briankrebs,237142
kalilinux,190153
LiskHQ,185881
ekaspersky,177150
threatpost,165068
SecurityWeek,136701
Korben,120292
InfoSecHotSpot,115408
nmap,115124
PentagonPresSec,112362
msftsecresponse,110831
vechainofficial,103909
heisec,96723
threatintel,85033
CoinbaseSupport,83591
LinoNetwork,78939
Atlassian,75767
Bancor,75763
NETGEAR,75757
TechJournalist,72732
cinnamoncarter,71820
OttLegalRebels,67360
MSEdgeDev,63194
k8em0,62787
elie,61628
biconnections,61377
TheBitcoinNews,61351
securityweekly,61048
meteorjs,59567
bcrypt,58799
binitamshah,58043
jeremiahg,57737
USDS,54956
YourMarkLubbers,53552
Hacker0x01,51878
slicknet,50034
HOCupdate,49199
Snubs,48413
johnhering,48213
BiellaColeman,46885
WeldPond,43540
alexstamos,41598
