users,statuses
sectest9,1167355
OttLegalRebels,595634
Lehigh389,446659
biconnections,401918
4PawShop,366204
mashable,316392
owlbelief,250216
cinnamoncarter,235666
HackersList,213073
TheBitcoinNews,206359
securityaffairs,203647
SecCyber,188982
marypcbuk,188827
niranamsalt,186165
SecurityNewsbot,181421
RDSWEB,178544
clairvoyantthe,178405
YourAnonRise,143964
vishne0,127461
Korben,119301
538355,117484
Securityblog,110416
CyberCrimeNEWS,109634
habrcom,103308
divinetechygirl,102952
VitalAnon,92999
Phortitiude1906,92100
atpons,90369
iM4CH3T3,90224
TheColonial,88559
mmdelrio,86248
royriojas,86105
CyberSnych,84672
PatrickCMiller,82852
anthonymfreed,82646
1nf0s3cpt,79341
PVynckier,78808
valbonneebooks,78087
SunnyHoi,76852
infination,76479
geeknik,75121
NikhilRathor,74848
reactdev,72171
sambowne,69981
essobi,69068
adrienjeanneau,67966
m3sm4r,67961
DigitalEmpress,67117
kfalconspb,65711
CyberConsulting,64788
