"text: Descending",Count
security,94627
new,69507
infosec,53999
bug,50352
amp,50328
via,43240
like,39231
hacker0x01,39135
get,39134
bugbounty,39037
xss,34204
vulnerability,34127
bounty,33831
time,33115
using,31914
hacking,30366
code,27460
cybersecurity,27460
bugcrowd,26877
know,26708
web,26304
use,25482
windows,25478
blog,25366
post,25360
data,25329
us,25073
team,24247
google,23575
day,23209
tool,22993
people,22763
today,22749
work,22690
check,22471
open,22407
awesome,21287
talk,20858
en,20835
found,20668
exploit,19893
cve,19892
find,19668
nice,19416
hackers,19314
please,18501
make,18387
pentest,18351
binitamshah,17966
gt,17945
bypass,17885
read,17780
really,17377
still,17039
malware,16977
think,16962
linux,16411
lt,16238
way,16230
year,16187
attack,15734
cc,15468
help,15175
write,15170
looking,14872
thank,14865
program,14771
rce,14757
vulnerabilities,14717
cyber,14579
facebook,14544
"à",14451
android,14434
hack,14211
report,13967
last,13879
un,13765
alra3ees,13689
released,13629
video,13579
testing,13536
injection,13521
learn,13388
source,13264
going,13192
list,12945
remote,12898
hacker,12881
microsoft,12854
look,12772
tools,12733
top,12719
ctf,12707
defcon,12629
file,12543
another,12454
take,12425
app,12415
much,12329
website,12290
love,12259
les,12086
server,11968
hansesecure,11927
pour,11865
congrats,11835
live,11810
based,11787
cool,11678
twitter,11678
right,11591
join,11457
dinosn,11433
hackerone,11338
full,11157
"you're",11115
sure,11078
internet,11027
attacks,11008
interesting,10977
two,10930
slides,10909
iot,10865
network,10851
years,10778
bugs,10770
que,10769
fun,10721
world,10631
published,10594
application,10509
system,10463
"that's",10438
execution,10417
site,10387
things,10386
password,10364
email,10342
ever,10275
something,10248
made,10202
script,10172
news,10137
support,10082
github,9978
better,9944
always,9910
access,9905
hey,9890
getting,9868
yes,9803
des,9796
working,9789
online,9784
days,9779
without,9776
information,9768
python,9696
latest,9676
man,9668
analysis,9643
owasp,9611
never,9527
lol,9505
update,9499
exploitation,9484
may,9421
available,9419
users,9379
ios,9368
du,9157
"can't",9147
version,9099
amazing,9083
poc,9079
research,8990
say,8987
project,8933
start,8877
user,8867
lot,8848
big,8846
details,8809
someone,8768
secure,8764
"we're",8746
x0rz,8681
mobile,8660
service,8660
"it’s",8650
software,8647
thing,8599
account,8595
real,8533
red,8527
keep,8515
domain,8506
submitted,8464
youtube,8402
everyone,8392
